{
    "App": {
        "dt": 0.032000001519918442,
        "max fps": 62
    },
    "window": {
        "width": 1662,
        "height": 903,
        "brightness": 1,
        "fullscreen": false,
        "fulldesktop": false,
        "resizable": true,
        "bordered": false,
        "title": "Kebab Engine",
        "organization": "UPC CITM"
    },
    "camera3D": {
        "worldmatrix": {
            "x0": 0.99984771013259888,
            "y0": 1.6955891624093056e-07,
            "z0": 0.017452869564294815,
            "x1": -0.00030476259416900575,
            "y1": 0.99984771013259888,
            "z1": 0.017449662089347839,
            "x2": -0.017450207844376564,
            "y2": -0.017452716827392578,
            "z2": 0.99969542026519775,
            "x3": 0.016591161489486694,
            "y3": 1.7345261573791504,
            "z3": 6.4159870147705078
        }
    },
    "renderer": {
        "depth": true,
        "cullface": true,
        "lighting": false,
        "color material": true,
        "texture2D": true,
        "wireframe": false,
        "drawaabb": false
    }
}