{
    "App": {
        "dt": 0.017000000923871994,
        "max fps": 62.5
    },
    "window": {
        "width": 1627,
        "height": 881,
        "brightness": 1,
        "fullscreen": false,
        "fulldesktop": false,
        "resizable": false,
        "bordered": false
    },
    "camera3D": {
        "position": {
            "x": 38.479881286621094,
            "y": -369.35470581054688,
            "z": 91.110366821289062
        },
        "rotation": {
            "x": {
                "x": 0.99917173385620117,
                "y": 0,
                "z": -0.040656585246324539
            },
            "y": {
                "x": 0.040656194090843201,
                "y": 0.004363304004073143,
                "z": 0.99916219711303711
            },
            "z": {
                "x": 0.00017739753820933402,
                "y": -0.99999046325683594,
                "z": 0.0043597025796771049
            }
        },
        "reference": {
            "x": 38.474250793457031,
            "y": -337.61550903320312,
            "z": 90.971992492675781
        },
        "view matrix": {
            "vector 1": {
                "x": 0.99917173385620117,
                "y": 0,
                "z": -0.040656585246324539,
                "w": -34.7437744140625
            },
            "vector 2": {
                "x": 0.040656194090843201,
                "y": 0.004363304004073143,
                "z": 0.99916219711303711,
                "w": -90.986869812011719
            },
            "vector 3": {
                "x": 0.00017739753820933402,
                "y": -0.99999046325683594,
                "z": 0.0043597025796771049,
                "w": -369.7552490234375
            },
            "vector 4": {
                "x": 0,
                "y": 0,
                "z": 0,
                "w": 1
            }
        }
    },
    "renderer": {
        "depth": true,
        "cullface": true,
        "lighting": true,
        "color material": true,
        "texture2D": true,
        "wireframe": true
    }
}