{
    "App": {
        "dt": 0.017000000923871994,
        "max fps": 62.5
    },
    "window": {
        "width": 1627,
        "height": 881,
        "brightness": 1,
        "fullscreen": false,
        "fulldesktop": false,
        "resizable": true,
        "bordered": false
    },
    "camera3D": {
        "position": {
            "x": 31.142303466796875,
            "y": -272.52078247070312,
            "z": 152.64485168457031
        },
        "rotation": {
            "x": {
                "x": 0.99993401765823364,
                "y": 0,
                "z": 0.011449739336967468
            },
            "y": {
                "x": -0.011392117477953434,
                "y": 0.1001880094408989,
                "z": 0.99490290880203247
            },
            "z": {
                "x": -0.0011471272446215153,
                "y": -0.99496763944625854,
                "z": 0.10018138587474823
            }
        },
        "reference": {
            "x": 31.17236328125,
            "y": -246.44807434082031,
            "z": 150.01963806152344
        },
        "view matrix": {
            "vector 1": {
                "x": 0.99993401765823364,
                "y": 0,
                "z": 0.011449739336967468,
                "w": -32.887992858886719
            },
            "vector 2": {
                "x": -0.011392117477953434,
                "y": 0.1001880094408989,
                "z": 0.99490290880203247,
                "w": -124.20871734619141
            },
            "vector 3": {
                "x": -0.0011471272446215153,
                "y": -0.99496763944625854,
                "z": 0.10018138587474823,
                "w": -286.40579223632812
            },
            "vector 4": {
                "x": 0,
                "y": 0,
                "z": 0,
                "w": 1
            }
        }
    },
    "renderer": {
      "depth": true,
      "cullface": true,
      "lighting": true,
      "color material": true,
      "texture2D": true,
      "wireframe": false,
      "showNormals": false
  }
}