{
    "App": {
        "dt": 0.017000000923871994,
        "max fps": 62.5
    },
    "window": {
        "width": 1820,
        "height": 980,
        "brightness": 1,
        "fullscreen": false,
        "fulldesktop": false,
        "resizable": true,
        "bordered": false
    },
    "camera3D": {
        "worldmatrix": {
            "x0": -1,
            "y0": 1.4638911238762375e-07,
            "z0": -5.2606543476940715e-07,
            "x1": 1.2794042447694665e-07,
            "y1": 0.99939084053039551,
            "z1": 0.034899689257144928,
            "x2": 5.3085386753082275e-07,
            "y2": 0.034899070858955383,
            "z2": -0.99939090013504028,
            "x3": -0.034935861825942993,
            "y3": 1.9271359443664551,
            "z3": -7.2999148368835449
        }
    },
    "renderer": {
        "depth": true,
        "cullface": true,
        "lighting": false,
        "color material": true,
        "texture2D": true,
        "wireframe": false
    }
}