{
    "App": {
        "dt": 0.017000000923871994,
        "max fps": 62
    },
    "window": {
        "width": 1662,
        "height": 903,
        "brightness": 1,
        "fullscreen": false,
        "fulldesktop": false,
        "resizable": true,
        "bordered": false,
        "title": "Kebab Engine",
        "organization": "UPC CITM"
    },
    "camera3D": {
        "worldmatrix": {
            "x0": 0.99984771013259888,
            "y0": 1.6903504729270935e-07,
            "z0": 0.017452890053391457,
            "x1": 0.0030304978135973215,
            "y1": 0.98480778932571411,
            "z1": -0.17362184822559357,
            "x2": -0.017187770456075668,
            "y2": 0.17364788055419922,
            "z2": 0.98465782403945923,
            "x3": 0.016591161489486694,
            "y3": 1.7345261573791504,
            "z3": 6.4159870147705078
        }
    },
    "renderer": {
        "depth": true,
        "cullface": true,
        "lighting": false,
        "color material": true,
        "texture2D": true,
        "wireframe": false
    }
}