{
    "App": {
        "dt": 0.017000000923871994,
        "max fps": 62.5
    },
    "window": {
        "width": 1627,
        "height": 881,
        "brightness": 1,
        "fullscreen": false,
        "fulldesktop": false,
        "resizable": false,
        "bordered": false
    },
    "camera3D": {
        "position": {
            "x": 4.9059228897094727,
            "y": 18.943593978881836,
            "z": 22.974258422851562
        },
        "rotation": {
            "x": {
                "x": 0.95079153776168823,
                "y": 0,
                "z": -0.30983060598373413
            },
            "y": {
                "x": -0.19775313138961792,
                "y": 0.76981830596923828,
                "z": -0.60685420036315918
            },
            "z": {
                "x": 0.23851309716701508,
                "y": 0.63826251029968262,
                "z": 0.73193633556365967
            }
        },
        "reference": {
            "x": -6.141596794128418,
            "y": -10.619640350341797,
            "z": -10.927783966064453
        },
        "view matrix": {
            "vector 1": {
                "x": 0.95079153776168823,
                "y": 0,
                "z": -0.30983060598373413,
                "w": 2.4536185264587402
            },
            "vector 2": {
                "x": -0.19775313138961792,
                "y": 0.76981830596923828,
                "z": -0.60685420036315918,
                "w": 0.32906150817871094
            },
            "vector 3": {
                "x": 0.23851309716701508,
                "y": 0.63826251029968262,
                "z": 0.73193633556365967,
                "w": -30.076808929443359
            },
            "vector 4": {
                "x": 0,
                "y": 0,
                "z": 0,
                "w": 1
            }
        }
    },
    "renderer": {
        "depth": true,
        "cullface": true,
        "lighting": true,
        "color material": true,
        "texture2D": true
    }
}