{
    "App": {
        "dt": 0.017000000923871994,
        "max fps": 62
    },
    "window": {
        "width": 1024,
        "height": 768,
        "brightness": 1,
        "fullscreen": false,
        "fulldesktop": false,
        "resizable": true,
        "bordered": false,
        "title": "Kebab Engine",
        "organization": "UPC CITM"
    },
    "camera3D": {
        "worldmatrix": {
            "x0": 0.99939090013504028,
            "y0": 2.0489096641540527e-07,
            "z0": 0.034899909049272537,
            "x1": 0.0084428554400801659,
            "y1": 0.97029572725296021,
            "z1": -0.24177460372447968,
            "x2": -0.033863283693790436,
            "y2": 0.24192160367965698,
            "z2": 0.96970474720001221,
            "x3": -2.4762833118438721,
            "y3": 13.161130905151367,
            "z3": 24.785146713256836
        }
    },
    "renderer": {
        "depth": true,
        "cullface": true,
        "lighting": true,
        "color material": true,
        "texture2D": true,
        "wireframe": false
    }
}