{
    "App": {
        "dt": 0.017000000923871994,
        "max fps": 62
    },
    "window": {
        "width": 1725,
        "height": 933,
        "brightness": 1,
        "fullscreen": false,
        "fulldesktop": false,
        "resizable": true,
        "bordered": false,
        "title": "Kebab Engine",
        "organization": "UPC CITM"
    },
    "camera3D": {
        "worldmatrix": {
            "x0": 0.86602532863616943,
            "y0": 2.0116570453865279e-07,
            "z0": 0.50000035762786865,
            "x1": 0.017449613660573959,
            "y1": 0.99939084053039551,
            "z1": -0.030223993584513664,
            "x2": -0.49969574809074402,
            "y2": 0.034899197518825531,
            "z2": 0.8654976487159729,
            "x3": -9.6238508224487305,
            "y3": 12.969555854797363,
            "z3": 16.787559509277344
        }
    },
    "renderer": {
        "depth": true,
        "cullface": true,
        "lighting": false,
        "color material": true,
        "texture2D": true,
        "wireframe": false,
        "drawaabb": true
    }
}