{
    "Scene": {
        "GameObjects": [
            {
                "name": "Main Camera",
                "uuid": -885798592,
                "parent uuid": 1761613731,
                "Components": [
                    {
                        "Type": 0,
                        "Position": {
                            "x": -5,
                            "y": 5,
                            "z": 2
                        },
                        "Rotation": {
                            "x": 0,
                            "y": 0,
                            "z": 0,
                            "w": 1
                        },
                        "Scale": {
                            "x": 1,
                            "y": 1,
                            "z": 1
                        }
                    },
                    {
                        "Type": 4,
                        "worldmatrix": {
                            "x0": 0.371390700340271,
                            "y0": 0,
                            "z0": 0.92847675085067749,
                            "x1": 0.63174837827682495,
                            "y1": 0.73282814025878906,
                            "z1": -0.2526993453502655,
                            "x2": -0.68041384220123291,
                            "y2": 0.68041384220123291,
                            "z2": 0.27216553688049316,
                            "x3": -5,
                            "y3": 5,
                            "z3": 2
                        }
                    }
                ]
            },
            {
                "name": "Avril",
                "uuid": 519425198,
                "parent uuid": 1761613731,
                "Components": [
                    {
                        "Type": 0,
                        "Position": {
                            "x": 0,
                            "y": 0,
                            "z": 0
                        },
                        "Rotation": {
                            "x": 0,
                            "y": 0,
                            "z": 0,
                            "w": 1
                        },
                        "Scale": {
                            "x": 1,
                            "y": 1,
                            "z": 1
                        }
                    }
                ]
            },
            {
                "name": "Avril Avant",
                "uuid": -1100263737,
                "parent uuid": 519425198,
                "Components": [
                    {
                        "Type": 0,
                        "Position": {
                            "x": 0,
                            "y": 0,
                            "z": 0
                        },
                        "Rotation": {
                            "x": 0,
                            "y": 0,
                            "z": 0,
                            "w": 1
                        },
                        "Scale": {
                            "x": 1,
                            "y": 1,
                            "z": 1
                        }
                    },
                    {
                        "Type": 1,
                        "mesh path": "Library\/Meshes\/Avril Avant.kbmesh",
                        "mesh name": "Avril Avant.kbmesh"
                    },
                    {
                        "Type": 2,
                        "path": "Library\/Textures\/Head_Albedo.kbtexture"
                    }
                ]
            },
            {
                "name": "Body",
                "uuid": 1465920387,
                "parent uuid": 519425198,
                "Components": [
                    {
                        "Type": 0,
                        "Position": {
                            "x": -63.862648010253906,
                            "y": 0,
                            "z": 0
                        },
                        "Rotation": {
                            "x": 0,
                            "y": 0,
                            "z": 0,
                            "w": 1
                        },
                        "Scale": {
                            "x": 1,
                            "y": 1,
                            "z": 1
                        }
                    },
                    {
                        "Type": 1,
                        "mesh path": "Library\/Meshes\/Body.kbmesh",
                        "mesh name": "Body.kbmesh"
                    },
                    {
                        "Type": 2,
                        "path": "Library\/Textures\/Body_Albedo.kbtexture"
                    }
                ]
            }
        ]
    }
}