{
    "Scene": {
        "GameObjects": [
            {
                "name": "Main Camera",
                "uuid": -697728982,
                "parent uuid": 835142567,
                "Components": [
                    {
                        "Type": 0,
                        "Position": {
                            "x": 0.40000000596046448,
                            "y": 0,
                            "z": 0
                        },
                        "Rotation": {
                            "x": -0.056257151067256927,
                            "y": 0,
                            "z": 0,
                            "w": 0.99841630458831787
                        },
                        "Scale": {
                            "x": 1,
                            "y": 1,
                            "z": 1
                        }
                    },
                    {
                        "Type": 4,
                        "worldmatrix": {
                            "x0": 1,
                            "y0": 0,
                            "z0": -0,
                            "x1": -0,
                            "y1": 0.99367028474807739,
                            "z1": -0.11233611404895782,
                            "x2": 0,
                            "y2": 0.11233611404895782,
                            "z2": 0.99367028474807739,
                            "x3": 0.40000000596046448,
                            "y3": 0,
                            "z3": 0
                        }
                    }
                ]
            },
            {
                "name": "Avril",
                "uuid": 1907280097,
                "parent uuid": 835142567,
                "Components": [
                    {
                        "Type": 0,
                        "Position": {
                            "x": 0,
                            "y": 0,
                            "z": 0
                        },
                        "Rotation": {
                            "x": 0,
                            "y": 0,
                            "z": 0,
                            "w": 1
                        },
                        "Scale": {
                            "x": 1,
                            "y": 1,
                            "z": 1
                        }
                    }
                ]
            },
            {
                "name": "Avril Avant",
                "uuid": 1739397875,
                "parent uuid": 1907280097,
                "Components": [
                    {
                        "Type": 0,
                        "Position": {
                            "x": 0,
                            "y": 0,
                            "z": 0
                        },
                        "Rotation": {
                            "x": 0,
                            "y": 0,
                            "z": 0,
                            "w": 1
                        },
                        "Scale": {
                            "x": 1,
                            "y": 1,
                            "z": 1
                        }
                    },
                    {
                        "Type": 1,
                        "mesh path": "Library\/Meshes\/Avril Avant.kbmesh",
                        "mesh name": "Avril Avant.kbmesh"
                    },
                    {
                        "Type": 2,
                        "path": "Library\/Textures\/Head_Albedo.kbtexture"
                    }
                ]
            },
            {
                "name": "Body",
                "uuid": -248009674,
                "parent uuid": 1907280097,
                "Components": [
                    {
                        "Type": 0,
                        "Position": {
                            "x": 0,
                            "y": 0,
                            "z": 0
                        },
                        "Rotation": {
                            "x": 0,
                            "y": 0,
                            "z": 0,
                            "w": 1
                        },
                        "Scale": {
                            "x": 1,
                            "y": 1,
                            "z": 1
                        }
                    },
                    {
                        "Type": 1,
                        "mesh path": "Library\/Meshes\/Body.kbmesh",
                        "mesh name": "Body.kbmesh"
                    },
                    {
                        "Type": 2,
                        "path": "Library\/Textures\/Body_Albedo.kbtexture"
                    }
                ]
            }
        ]
    }
}